drop table bonus;
drop table emp;
drop table dept;
drop table salgrade;

CREATE TABLE BONUS
        (ENAME VARCHAR(10),
         JOB   VARCHAR(9),
         SAL   INT,
         COMM  INT);

CREATE TABLE EMP
       (EMPNO INT(4) NOT NULL,
        ENAME VARCHAR(10),
        JOB VARCHAR(9),
        MGR INT(4),
        HIREDATE DATE,
        SAL FLOAT(7, 2),
        COMM FLOAT(7, 2),
        DEPTNO INT(2));


INSERT INTO EMP VALUES
(7369,'SMITH','CLERK',7902,'1980-12-1',800,NULL,20);
INSERT INTO EMP VALUES
(7499,'ALLEN','SALESMAN',7698,'1981-2-28',1600,300,30);
INSERT INTO EMP VALUES
(7521,'WARD','SALESMAN',7698,'1981-1-31',1250,500,30);
INSERT INTO EMP VALUES
(7566,'JONES','MANAGER',7839,'1981-3-18',2975,NULL,20);
INSERT INTO EMP VALUES
(7654,'MARTIN','SALESMAN',7698,'1981-9-28',1250,1400,30);
INSERT INTO EMP VALUES
(7698,'BLAKE','MANAGER',7839,'1981-5-1',2850,NULL,30);
INSERT INTO EMP VALUES
(7782,'CLARK','MANAGER',7839,'1981-9-19',2450,NULL,10);
INSERT INTO EMP VALUES
(7788,'SCOTT','ANALYST',7566,'87-8-30',3000,NULL,20);
INSERT INTO EMP VALUES
(7839,'KING','PRESIDENT',NULL,'1981-10-10',5000,NULL,10);
INSERT INTO EMP VALUES
(7844,'TURNER','SALESMAN',7698,'2002-11-15',1500,0,30);
INSERT INTO EMP VALUES
(7876,'ADAMS','CLERK',7788,'2005-4-30',1100,NULL,20);
INSERT INTO EMP VALUES
(7900,'JAMES','CLERK',7698,'2000-5-17',950,NULL,30);
INSERT INTO EMP VALUES
(7902,'FORD','ANALYST',7566,'1981-7-25',3000,NULL,20);
INSERT INTO EMP VALUES
(7934,'MILLER','CLERK',7782,'2010-1-1',1300,NULL,10);

CREATE TABLE DEPT
       (DEPTNO INT(2),
        DNAME VARCHAR(14),
        LOC VARCHAR(13) );

INSERT INTO DEPT VALUES (10, 'ACCOUNTING', 'NEW YORK');
INSERT INTO DEPT VALUES (20, 'RESEARCH',   'DALLAS');
INSERT INTO DEPT VALUES (30, 'SALES',      'CHICAGO');
INSERT INTO DEPT VALUES (40, 'OPERATIONS', 'BOSTON');

CREATE TABLE SALGRADE
        (GRADE INT,
         LOSAL INT,
         HISAL INT);

INSERT INTO SALGRADE VALUES (1,  700, 1200);
INSERT INTO SALGRADE VALUES (2, 1201, 1400);
INSERT INTO SALGRADE VALUES (3, 1401, 2000);
INSERT INTO SALGRADE VALUES (4, 2001, 3000);
INSERT INTO SALGRADE VALUES (5, 3001, 9999);

COMMIT;
